Agency,Component,Fiscal Year,Number of Requests Pending as of Start of Fiscal Year,Number of Requests Received in Fiscal Year,Number of Requests Processed in Fiscal Year,Number of Requests Pending as of End of Fiscal Year
Commodity Futures Trading Commission,Agency Overall,2018,27,134,121,40
Merit Systems Protection Board,Agency Overall,2018,78,173,200,51
United States African Development Foundation,Agency Overall,2018,2,6,8,0
Securities and Exchange Commission,Agency Overall,2018,559,14229,14248,540
Department of Homeland Security,Agency Overall,2018,62968,395751,374945,83774
National Indian Gaming Commission,Agency Overall,2018,20,44,52,12
Office of Government Ethics,Agency Overall,2018,141,126,206,61
"National Commission on Military, National, and Public Service",Agency Overall,2018,0,3,1,2
National Mediation Board,Agency Overall,2018,0,17,17,0
U.S. Agency for Global Media,Agency Overall,2018,6,60,59,7
Office of Navajo and Hopi Indian Relocation,Agency Overall,2018,0,57,57,0
Consumer Financial Protection Bureau,Agency Overall,2018,23,788,642,169
Department of Agriculture,Agency Overall,2018,5559,36547,35482,6624
Court Services and Offender Supervision Agency,Agency Overall,2018,93,437,517,13
General Services Administration,Agency Overall,2018,296,1324,1239,381
Federal Mediation and Conciliation Service,Agency Overall,2018,26,58,57,27
Harry S. Truman Scholarship Foundation,Agency Overall,2018,0,2,2,0
Peace Corps,Agency Overall,2018,42,137,123,56
Department of Education,Agency Overall,2018,848,3041,2858,1031
Office of National Drug Control Policy,Agency Overall,2018,17,112,106,23
Department of Housing and Urban Development,Agency Overall,2018,916,2383,2245,1054
Armed Forces Retirement Home,Agency Overall,2018,0,6,6,0
National Capital Planning Commission,Agency Overall,2018,0,8,8,0
Federal Communications Commission,Agency Overall,2018,87,820,848,59
Legal Services Corporation,Agency Overall,2018,0,27,23,4
United States International Trade Commission,Agency Overall,2018,3,34,37,0
Inter-American Foundation,Agency Overall,2018,1,11,11,1
Federal Retirement Thrift Investment Board,Agency Overall,2018,11,39,44,6
Department of the Treasury,Agency Overall,2018,1728,12535,12098,2165
Office of Personnel Management,Agency Overall,2018,213,10668,10575,306
Gulf Coast Ecosystem Restoration Council,Agency Overall,2018,0,7,7,0
James Madison Memorial Fellowship Foundation,Agency Overall,2018,0,5,5,0
Office of the Director of National Intelligence,Agency Overall,2018,402,498,349,551
United States Trade and Development Agency,Agency Overall,2018,25,22,19,28
Council of the Inspectors General on Integrity and Efficiency,Agency Overall,2018,28,40,14,54
Appraisal Subcommittee,Agency Overall,2018,0,4,4,0
U.S. Railroad Retirement Board,Agency Overall,2018,8,87,86,9
Committee for Purchase from People Who Are Blind or Severely Disabled,Agency Overall,2018,1,15,12,4
Federal Deposit Insurance Corporation,Agency Overall,2018,22,423,431,14
National Railroad Passenger Corporation,Agency Overall,2018,141,206,215,132
Department of Health and Human Services,Agency Overall,2018,6097,35445,33876,7666
U.S. Department of State,Agency Overall,2018,13772,8448,10928,11292
Occupational Safety and Health Review Commission,Agency Overall,2018,1,69,69,1
Office of the United States Trade Representative,Agency Overall,2018,16,186,188,14
Federal Reserve System,Agency Overall,2018,49,610,626,33
U.S. Agency for International Development,Agency Overall,2018,342,280,337,285
U.S. Election Assistance Commission,Agency Overall,2018,15,38,45,8
Small Business Administration,Agency Overall,2018,24,1089,1061,52
AmeriCorps,Agency Overall,2018,2,53,51,4
Presidio Trust,Agency Overall,2018,0,5,5,0
Office of Science and Technology Policy,Agency Overall,2018,41,122,100,63
Farm Credit Administration,Agency Overall,2018,0,23,21,2
Federal Housing Finance Agency,Agency Overall,2018,34,138,148,24
Department of Commerce,Agency Overall,2018,629,2269,1976,922
United States Institute of Peace,Agency Overall,2018,1,1,2,0
U.S. Nuclear Waste Technical Review Board,Agency Overall,2018,0,3,3,0
Nuclear Regulatory Commission,Agency Overall,2018,85,643,496,232
Overseas Private Investment Corporation,Agency Overall,2018,6,59,53,12
Selective Service System,Agency Overall,2018,0,54,54,0
Export-Import Bank of the U.S.,Agency Overall,2018,51,77,85,43
United States International Boundary and Water Commission,Agency Overall,2018,2,50,42,10
Department of Justice,Agency Overall,2018,19725,96875,91383,25217
Morris K. Udall and Stewart L. Udall Foundation,Agency Overall,2018,0,2,2,0
United States Access Board,Agency Overall,2018,0,8,8,0
U.S. Interagency Council on Homelessness,Agency Overall,2018,0,8,8,0
Office of Management and Budget,Agency Overall,2018,279,547,301,525
Federal Financial Institutions Examination Council,Agency Overall,2018,0,8,8,0
Privacy and Civil Liberties Oversight Board,Agency Overall,2018,8,28,26,10
Pension Benefit Guaranty Corporation,Agency Overall,2018,69,1618,1598,89
Central Intelligence Agency,Agency Overall,2018,1949,2726,2345,2330
Defense Nuclear Facilities Safety Board,Agency Overall,2018,6,16,19,3
Advisory Council on Historic Preservation,Agency Overall,2018,1,3,1,3
National Council on Disability,Agency Overall,2018,0,3,3,0
Postal Regulatory Commission,Agency Overall,2018,1,52,53,0
Farm Credit System Insurance Corporation,Agency Overall,2018,0,4,4,0
Neighborhood Reinvestment Corporation,Agency Overall,2018,3,3,3,3
Federal Maritime Commission,Agency Overall,2018,5,26,28,3
National Labor Relations Board,Agency Overall,2018,405,1305,1547,163
National Aeronautics and Space Administration,Agency Overall,2018,91,853,880,64
Department of Veterans Affairs,Agency Overall,2018,4368,24555,22851,6072
Commission of Fine Arts,Agency Overall,2018,0,8,8,0
Department of Energy,Agency Overall,2018,483,2073,1893,663
Environmental Protection Agency,Agency Overall,2018,2808,11364,10442,3730
National Endowment for the Humanities,Agency Overall,2018,6,49,54,1
U.S. Commission on Civil Rights,Agency Overall,2018,0,28,28,0
Department of Labor,Agency Overall,2018,1483,14696,14679,1500
Federal Labor Relations Authority,Agency Overall,2018,5,57,62,0
National Science Foundation,Agency Overall,2018,278,329,349,258
Federal Energy Regulatory Commission,Agency Overall,2018,30,129,111,48
Federal Trade Commission,Agency Overall,2018,57,1441,1459,39
Office of the Special Inspector General for Afghanistan Reconstruction,Agency Overall,2018,5,27,30,2
Marine Mammal Commission,Agency Overall,2018,2,7,8,1
Office of Special Counsel,Agency Overall,2018,222,189,282,129
United States Postal Service,Agency Overall,2018,160,3150,3116,194
Equal Employment Opportunity Commission,Agency Overall,2018,3719,19065,19134,3650
Chemical Safety and Hazard Investigation Board,Agency Overall,2018,32,49,48,33
Department of the Interior,Agency Overall,2018,2306,8402,7001,3707
Federal Mine Safety and Health Review Commission,Agency Overall,2018,5,65,68,2
Denali Commission,Agency Overall,2018,0,4,4,0
National Archives and Records Administration,Agency Overall,2018,3286,52850,53101,3035
United States Copyright Office,Agency Overall,2018,9,41,44,6
Social Security Administration,Agency Overall,2018,728,16427,16631,524
National Transportation Safety Board,Agency Overall,2018,927,521,549,899
Administrative Conference of the United States,Agency Overall,2018,0,19,19,0
National Credit Union Administration,Agency Overall,2018,8,165,154,19
Surface Transportation Board,Agency Overall,2018,0,42,41,1
Institute of Museum and Library Services,Agency Overall,2018,8,33,26,15
Tennessee Valley Authority,Agency Overall,2018,16,222,212,26
Council on Environmental Quality,Agency Overall,2018,42,167,156,53
Department of Transportation,Agency Overall,2018,5459,15049,16082,4426
National Endowment for the Arts,Agency Overall,2018,5,71,76,0
Federal Open Market Committee,Agency Overall,2018,1,12,13,0
Consumer Product Safety Commission,Agency Overall,2018,259,554,440,373
Department of Defense,Agency Overall,2018,14194,57032,54323,16903
Millennium Challenge Corporation,Agency Overall,2018,2,23,22,3
American Battle Monuments Commission,Agency Overall,2018,2,16,18,0
Social Security Advisory Board,Agency Overall,2018,0,3,3,0
Federal Election Commission,Agency Overall,2018,72,164,163,73
Federal Financial Institutions Examination Council,Agency Overall,2019,0,11,11,0
Surface Transportation Board,Agency Overall,2019,1,33,34,0
Commodity Futures Trading Commission,Agency Overall,2019,41,138,164,15
Social Security Advisory Board,Agency Overall,2019,0,3,3,0
Federal Retirement Thrift Investment Board,Agency Overall,2019,6,30,32,4
Office of Management and Budget,Agency Overall,2019,520,374,293,601
Environmental Protection Agency,Agency Overall,2019,3751,8869,9525,3095
Federal Housing Finance Agency,Agency Overall,2019,24,149,139,34
Consumer Product Safety Commission,Agency Overall,2019,374,505,316,563
U.S. Interagency Council on Homelessness,Agency Overall,2019,0,4,4,0
Office of National Drug Control Policy,Agency Overall,2019,23,68,70,21
Farm Credit System Insurance Corporation,Agency Overall,2019,0,4,4,0
National Endowment for the Arts,Agency Overall,2019,0,58,57,1
National Mediation Board,Agency Overall,2019,0,11,11,0
U.S. Agency for International Development,Agency Overall,2019,285,290,304,271
U.S. Election Assistance Commission,Agency Overall,2019,6,30,17,19
Occupational Safety and Health Review Commission,Agency Overall,2019,1,89,70,20
United States International Trade Commission,Agency Overall,2019,0,31,28,3
Social Security Administration,Agency Overall,2019,524,14987,15148,363
Department of Labor,Agency Overall,2019,1989,16090,16350,1729
Federal Mine Safety and Health Review Commission,Agency Overall,2019,2,64,65,1
Department of Defense,Agency Overall,2019,16686,56524,54545,18665
Department of Justice,Agency Overall,2019,26322,95119,88668,32773
Office of the Director of National Intelligence,Agency Overall,2019,549,503,464,588
Court Services and Offender Supervision Agency,Agency Overall,2019,13,258,271,0
Department of the Treasury,Agency Overall,2019,2180,11936,11921,2195
U.S. Commission on Civil Rights,Agency Overall,2019,0,49,49,0
United States Postal Service,Agency Overall,2019,194,2972,2960,206
Department of the Interior,Agency Overall,2019,3647,7973,6782,4838
American Battle Monuments Commission,Agency Overall,2019,0,16,15,1
National Aeronautics and Space Administration,Agency Overall,2019,64,812,800,76
Office of Special Counsel,Agency Overall,2019,130,149,183,96
Federal Maritime Commission,Agency Overall,2019,3,22,23,2
Privacy and Civil Liberties Oversight Board,Agency Overall,2019,10,23,20,13
Department of Agriculture,Agency Overall,2019,6593,26458,26094,6957
Farm Credit Administration,Agency Overall,2019,2,21,21,2
U.S. Department of State,Agency Overall,2019,11324,8589,6545,13368
Pension Benefit Guaranty Corporation,Agency Overall,2019,89,2348,2232,205
Council on Environmental Quality,Agency Overall,2019,53,119,130,42
Peace Corps,Agency Overall,2019,56,179,101,134
General Services Administration,Agency Overall,2019,382,1461,1355,488
Merit Systems Protection Board,Agency Overall,2019,50,117,115,52
Federal Communications Commission,Agency Overall,2019,62,700,703,59
Tennessee Valley Authority,Agency Overall,2019,26,187,197,16
Nuclear Regulatory Commission,Agency Overall,2019,232,369,510,91
Federal Energy Regulatory Commission,Agency Overall,2019,48,117,114,51
National Archives and Records Administration,Agency Overall,2019,4090,67466,68062,3494
Gulf Coast Ecosystem Restoration Council,Agency Overall,2019,0,9,9,0
Department of Education,Agency Overall,2019,1034,2448,2368,1114
Department of Energy,Agency Overall,2019,666,1855,1883,638
"National Commission on Military, National, and Public Service",Agency Overall,2019,2,37,34,5
Morris K. Udall and Stewart L. Udall Foundation,Agency Overall,2019,0,4,4,0
United States Access Board,Agency Overall,2019,0,34,26,8
United States Trade and Development Agency,Agency Overall,2019,28,19,19,28
Federal Open Market Committee,Agency Overall,2019,0,26,26,0
Department of Homeland Security,Agency Overall,2019,88233,400245,429798,58680
Federal Mediation and Conciliation Service,Agency Overall,2019,18,36,54,0
Defense Nuclear Facilities Safety Board,Agency Overall,2019,3,17,16,4
Department of Commerce,Agency Overall,2019,890,2391,2017,1264
Inter-American Foundation,Agency Overall,2019,1,11,10,2
James Madison Memorial Fellowship Foundation,Agency Overall,2019,0,0,0,0
Presidio Trust,Agency Overall,2019,0,5,5,0
National Endowment for the Humanities,Agency Overall,2019,1,54,54,1
Consumer Financial Protection Bureau,Agency Overall,2019,169,484,435,218
Advisory Council on Historic Preservation,Agency Overall,2019,2,13,5,10
Federal Reserve System,Agency Overall,2019,34,562,561,35
Securities and Exchange Commission,Agency Overall,2019,540,11546,11487,599
Appraisal Subcommittee,Agency Overall,2019,0,2,2,0
Office of the United States Trade Representative,Agency Overall,2019,14,136,138,12
United States International Boundary and Water Commission,Agency Overall,2019,10,61,54,17
Harry S. Truman Scholarship Foundation,Agency Overall,2019,0,3,3,0
Federal Trade Commission,Agency Overall,2019,40,1381,1361,60
National Science Foundation,Agency Overall,2019,258,327,267,318
Overseas Private Investment Corporation,Agency Overall,2019,12,64,65,11
U.S. Nuclear Waste Technical Review Board,Agency Overall,2019,0,9,9,0
Council of the Inspectors General on Integrity and Efficiency,Agency Overall,2019,52,71,41,82
United States African Development Foundation,Agency Overall,2019,0,7,7,0
Federal Labor Relations Authority,Agency Overall,2019,0,93,84,9
Equal Employment Opportunity Commission,Agency Overall,2019,3698,17794,19794,1698
Office of Personnel Management,Agency Overall,2019,259,10495,10493,261
Office of the Special Inspector General for Afghanistan Reconstruction,Agency Overall,2019,2,13,15,0
Institute of Museum and Library Services,Agency Overall,2019,15,44,53,6
United States Institute of Peace,Agency Overall,2019,0,4,4,0
National Indian Gaming Commission,Agency Overall,2019,12,37,47,2
Federal Election Commission,Agency Overall,2019,73,116,127,62
Commission of Fine Arts,Agency Overall,2019,0,5,5,0
National Railroad Passenger Corporation,Agency Overall,2019,131,213,191,153
Office of Science and Technology Policy,Agency Overall,2019,63,86,63,86
Denali Commission,Agency Overall,2019,0,4,4,0
United States Copyright Office,Agency Overall,2019,6,46,42,10
Committee for Purchase from People Who Are Blind or Severely Disabled,Agency Overall,2019,3,19,8,14
National Transportation Safety Board,Agency Overall,2019,899,435,761,573
Selective Service System,Agency Overall,2019,0,62,62,0
Office of Government Ethics,Agency Overall,2019,61,96,125,32
Export-Import Bank of the U.S.,Agency Overall,2019,44,79,85,38
Armed Forces Retirement Home,Agency Overall,2019,0,7,7,0
Department of Housing and Urban Development,Agency Overall,2019,1052,2140,2018,1174
Administrative Conference of the United States,Agency Overall,2019,0,24,24,0
AmeriCorps,Agency Overall,2019,4,55,51,8
Federal Deposit Insurance Corporation,Agency Overall,2019,14,345,341,18
Central Intelligence Agency,Agency Overall,2019,2332,2563,2261,2634
Small Business Administration,Agency Overall,2019,114,895,923,86
Chemical Safety and Hazard Investigation Board,Agency Overall,2019,33,33,34,32
National Labor Relations Board,Agency Overall,2019,164,1370,1420,114
National Credit Union Administration,Agency Overall,2019,19,148,148,19
Department of Health and Human Services,Agency Overall,2019,7712,35358,33817,9253
Department of Veterans Affairs,Agency Overall,2019,6067,21336,23749,3654
Department of Transportation,Agency Overall,2019,4363,16571,14621,6313
National Council on Disability,Agency Overall,2019,0,12,11,1
U.S. Railroad Retirement Board,Agency Overall,2019,9,102,109,2
Office of Navajo and Hopi Indian Relocation,Agency Overall,2019,0,25,25,0
Millennium Challenge Corporation,Agency Overall,2019,3,27,28,2
Legal Services Corporation,Agency Overall,2019,4,22,26,0
U.S. Agency for Global Media,Agency Overall,2019,25,63,74,14
Neighborhood Reinvestment Corporation,Agency Overall,2019,3,2,1,4
Marine Mammal Commission,Agency Overall,2019,1,8,7,2
National Capital Planning Commission,Agency Overall,2019,0,8,8,0
Postal Regulatory Commission,Agency Overall,2019,0,15,15,0
Federal Labor Relations Authority,Agency Overall,2020,9,99,107,1
Federal Open Market Committee,Agency Overall,2020,0,19,19,0
General Services Administration,Agency Overall,2020,537,1352,1429,460
Department of Agriculture,Agency Overall,2020,7144,22810,23103,6851
Pension Benefit Guaranty Corporation,Agency Overall,2020,205,3495,3525,175
Federal Energy Regulatory Commission,Agency Overall,2020,51,73,71,53
Commodity Futures Trading Commission,Agency Overall,2020,15,178,184,9
Armed Forces Retirement Home,Agency Overall,2020,0,2,2,0
Presidio Trust,Agency Overall,2020,0,14,13,1
Federal Reserve System,Agency Overall,2020,35,630,615,50
Consumer Financial Protection Bureau,Agency Overall,2020,218,330,411,137
Tennessee Valley Authority,Agency Overall,2020,16,259,239,36
Federal Financial Institutions Examination Council,Agency Overall,2020,0,11,11,0
Morris K. Udall and Stewart L. Udall Foundation,Agency Overall,2020,0,2,2,0
Consumer Product Safety Commission,Agency Overall,2020,558,460,506,512
Nuclear Regulatory Commission,Agency Overall,2020,91,289,288,92
Inter-American Foundation,Agency Overall,2020,2,8,10,0
United States International Boundary and Water Commission,Agency Overall,2020,15,53,40,28
Legal Services Corporation,Agency Overall,2020,0,14,13,1
National Security Commission on Artificial Intelligence,Agency Overall,2020,1,11,10,2
Department of Justice,Agency Overall,2020,33731,86729,84442,36018
Office of Special Counsel,Agency Overall,2020,96,144,193,47
Federal Maritime Commission,Agency Overall,2020,2,21,21,2
U.S. Commission for the Preservation of America’s Heritage Abroad,Agency Overall,2020,0,2,0,2
Securities and Exchange Commission,Agency Overall,2020,599,13300,13258,641
Department of Transportation,Agency Overall,2020,6368,14632,15433,5567
Department of the Interior,Agency Overall,2020,4685,5977,5906,4756
United States International Trade Commission,Agency Overall,2020,3,30,33,0
Department of Homeland Security,Agency Overall,2020,63374,397671,392623,68422
Federal Retirement Thrift Investment Board,Agency Overall,2020,4,29,29,4
Denali Commission,Agency Overall,2020,0,11,11,0
National Indian Gaming Commission,Agency Overall,2020,2,29,27,4
National Railroad Passenger Corporation,Agency Overall,2020,137,234,233,138
National Archives and Records Administration,Agency Overall,2020,3494,25738,25721,3511
Department of Education,Agency Overall,2020,1114,2384,2537,961
Office of Navajo and Hopi Indian Relocation,Agency Overall,2020,0,25,25,0
Neighborhood Reinvestment Corporation,Agency Overall,2020,4,7,11,0
National Capital Planning Commission,Agency Overall,2020,0,9,9,0
National Labor Relations Board,Agency Overall,2020,113,1327,1393,47
Department of the Treasury,Agency Overall,2020,2142,11916,11260,2798
U.S. Railroad Retirement Board,Agency Overall,2020,2,79,80,1
Commission of Fine Arts,Agency Overall,2020,0,10,10,0
U.S. Commission on Civil Rights,Agency Overall,2020,0,42,42,0
United States Access Board,Agency Overall,2020,8,24,31,1
Office of the United States Trade Representative,Agency Overall,2020,12,155,155,12
Occupational Safety and Health Review Commission,Agency Overall,2020,20,94,108,6
Chemical Safety and Hazard Investigation Board,Agency Overall,2020,28,93,90,31
Office of the Director of National Intelligence,Agency Overall,2020,588,527,406,709
Federal Communications Commission,Agency Overall,2020,59,572,579,52
AmeriCorps,Agency Overall,2020,8,43,46,5
Department of Commerce,Agency Overall,2020,1264,2017,2108,1173
Office of National Drug Control Policy,Agency Overall,2020,21,53,48,26
National Credit Union Administration,Agency Overall,2020,19,132,134,17
United States Copyright Office,Agency Overall,2020,10,50,55,5
Council of the Inspectors General on Integrity and Efficiency,Agency Overall,2020,82,75,80,77
Federal Mine Safety and Health Review Commission,Agency Overall,2020,1,39,39,1
Committee for Purchase from People Who Are Blind or Severely Disabled,Agency Overall,2020,14,16,3,27
United States Trade and Development Agency,Agency Overall,2020,28,25,8,45
U.S. International Development Finance Corporation,Agency Overall,2020,6,94,48,52
United States Postal Service,Agency Overall,2020,206,3575,3372,409
Small Business Administration,Agency Overall,2020,86,4529,3020,1595
Appraisal Subcommittee,Agency Overall,2020,0,7,7,0
Surface Transportation Board,Agency Overall,2020,0,29,29,0
Social Security Administration,Agency Overall,2020,363,9688,8143,1908
Marine Mammal Commission,Agency Overall,2020,2,5,4,3
Gulf Coast Ecosystem Restoration Council,Agency Overall,2020,0,4,4,0
National Mediation Board,Agency Overall,2020,0,17,17,0
National Transportation Safety Board,Agency Overall,2020,573,573,850,296
Office of Government Ethics,Agency Overall,2020,32,84,83,33
Office of Management and Budget,Agency Overall,2020,601,438,371,668
Farm Credit Administration,Agency Overall,2020,2,28,30,0
National Science Foundation,Agency Overall,2020,319,259,209,369
Merit Systems Protection Board,Agency Overall,2020,52,127,124,55
United States Institute of Peace,Agency Overall,2020,0,8,4,4
Social Security Advisory Board,Agency Overall,2020,0,5,4,1
Council on Environmental Quality,Agency Overall,2020,42,166,140,68
Administrative Conference of the United States,Agency Overall,2020,0,38,38,0
Office of Science and Technology Policy,Agency Overall,2020,86,84,68,102
U.S. Election Assistance Commission,Agency Overall,2020,11,49,21,39
Millennium Challenge Corporation,Agency Overall,2020,1,19,19,1
American Battle Monuments Commission,Agency Overall,2020,1,14,15,0
Federal Election Commission,Agency Overall,2020,61,105,148,18
Department of Health and Human Services,Agency Overall,2020,9397,36825,35669,10553
Central Intelligence Agency,Agency Overall,2020,2628,2896,2622,2902
Selective Service System,Agency Overall,2020,0,48,48,0
Defense Nuclear Facilities Safety Board,Agency Overall,2020,2,20,22,0
U.S. Interagency Council on Homelessness,Agency Overall,2020,0,15,15,0
Federal Trade Commission,Agency Overall,2020,64,1177,1208,33
United States African Development Foundation,Agency Overall,2020,1,4,4,1
U.S. Nuclear Waste Technical Review Board,Agency Overall,2020,0,7,6,1
Department of Energy,Agency Overall,2020,639,1453,1416,676
Department of Housing and Urban Development,Agency Overall,2020,1177,2038,1834,1381
U.S. Agency for International Development,Agency Overall,2020,271,427,299,399
Department of Veterans Affairs,Agency Overall,2020,4476,19053,19323,4206
U.S. Department of State,Agency Overall,2020,12866,9019,7041,14844
Court Services and Offender Supervision Agency,Agency Overall,2020,0,207,207,0
Institute of Museum and Library Services,Agency Overall,2020,5,39,42,2
National Endowment for the Arts,Agency Overall,2020,1,39,39,1
Equal Employment Opportunity Commission,Agency Overall,2020,746,16287,15098,1935
Export-Import Bank of the U.S.,Agency Overall,2020,38,79,96,21
Office of Personnel Management,Agency Overall,2020,259,8123,8140,242
Department of Labor,Agency Overall,2020,2414,15820,15645,2589
Federal Mediation and Conciliation Service,Agency Overall,2020,0,58,56,2
Federal Deposit Insurance Corporation,Agency Overall,2020,18,371,360,29
National Aeronautics and Space Administration,Agency Overall,2020,76,841,833,84
Advisory Council on Historic Preservation,Agency Overall,2020,8,12,19,1
Postal Regulatory Commission,Agency Overall,2020,0,37,36,1
James Madison Memorial Fellowship Foundation,Agency Overall,2020,0,1,1,0
Peace Corps,Agency Overall,2020,134,160,207,87
Office of the Special Inspector General for Afghanistan Reconstruction,Agency Overall,2020,0,27,26,1
Harry S. Truman Scholarship Foundation,Agency Overall,2020,0,4,4,0
Department of Defense,Agency Overall,2020,18396,54023,50006,22413
Environmental Protection Agency,Agency Overall,2020,3095,6891,7665,2321
Federal Housing Finance Agency,Agency Overall,2020,33,120,116,37
National Council on Disability,Agency Overall,2020,1,15,16,0
Privacy and Civil Liberties Oversight Board,Agency Overall,2020,13,29,27,15
U.S. Agency for Global Media,Agency Overall,2020,14,60,28,46
Farm Credit System Insurance Corporation,Agency Overall,2020,0,11,11,0
National Endowment for the Humanities,Agency Overall,2020,1,137,131,7
National Council on Disability,Agency Overall,2021,0,13,13,0
United States Copyright Office,Agency Overall,2021,5,49,47,7
Federal Financial Institutions Examination Council,Agency Overall,2021,0,13,12,1
National Credit Union Administration,Agency Overall,2021,17,136,144,9
Pension Benefit Guaranty Corporation,Agency Overall,2021,189,3517,3481,225
Commission of Fine Arts,Agency Overall,2021,0,17,17,0
United States African Development Foundation,Agency Overall,2021,0,1,1,0
Consumer Product Safety Commission,Agency Overall,2021,543,596,548,591
Council on Environmental Quality,Agency Overall,2021,67,105,130,42
Council of the Inspectors General on Integrity and Efficiency,Agency Overall,2021,71,78,109,40
Harry S. Truman Scholarship Foundation,Agency Overall,2021,0,1,1,0
AmeriCorps,Agency Overall,2021,5,47,46,6
Advisory Council on Historic Preservation,Agency Overall,2021,1,21,16,6
Federal Mediation and Conciliation Service,Agency Overall,2021,0,20,19,1
U.S. Agency for Global Media,Agency Overall,2021,46,113,77,82
Office of the United States Trade Representative,Agency Overall,2021,13,93,97,9
Social Security Advisory Board,Agency Overall,2021,1,7,8,0
National Endowment for the Humanities,Agency Overall,2021,7,59,61,5
Marine Mammal Commission,Agency Overall,2021,3,11,8,6
Administrative Conference of the United States,Agency Overall,2021,0,41,41,0
Legal Services Corporation,Agency Overall,2021,1,25,22,4
Surface Transportation Board,Agency Overall,2021,0,48,42,6
Department of the Interior,Agency Overall,2021,4764,6302,5774,5292
Office of Special Counsel,Agency Overall,2021,47,135,169,13
Office of Science and Technology Policy,Agency Overall,2021,102,129,100,131
Federal Energy Regulatory Commission,Agency Overall,2021,53,37,35,55
Armed Forces Retirement Home,Agency Overall,2021,0,9,9,0
U.S. Agency for International Development,Agency Overall,2021,399,329,297,431
Department of Education,Agency Overall,2021,961,2151,2292,820
Department of Health and Human Services,Agency Overall,2021,11230,33158,32952,11436
Department of Housing and Urban Development,Agency Overall,2021,1373,1734,2093,1014
Federal Mine Safety and Health Review Commission,Agency Overall,2021,0,42,40,2
U.S. Interagency Council on Homelessness,Agency Overall,2021,0,0,0,0
United States International Boundary and Water Commission,Agency Overall,2021,27,30,18,39
Gulf Coast Ecosystem Restoration Council,Agency Overall,2021,0,4,4,0
U.S. Commission on Civil Rights,Agency Overall,2021,0,45,45,0
Committee for Purchase from People Who Are Blind or Severely Disabled,Agency Overall,2021,27,11,8,30
Institute of Museum and Library Services,Agency Overall,2021,2,40,41,1
Federal Retirement Thrift Investment Board,Agency Overall,2021,4,43,42,5
Equal Employment Opportunity Commission,Agency Overall,2021,2003,15320,16048,1275
U.S. Commission for the Preservation of America’s Heritage Abroad,Agency Overall,2021,1,4,3,2
Millennium Challenge Corporation,Agency Overall,2021,1,24,23,2
James Madison Memorial Fellowship Foundation,Agency Overall,2021,0,8,8,0
Office of the Special Inspector General for Afghanistan Reconstruction,Agency Overall,2021,1,16,13,4
Department of Justice,Agency Overall,2021,36957,97490,75511,58936
Office of the Director of National Intelligence,Agency Overall,2021,709,441,651,499
Selective Service System,Agency Overall,2021,0,39,39,0
Federal Open Market Committee,Agency Overall,2021,0,36,36,0
General Services Administration,Agency Overall,2021,454,1349,1294,509
National Endowment for the Arts,Agency Overall,2021,1,41,41,1
Federal Labor Relations Authority,Agency Overall,2021,0,101,97,4
U.S. Department of State,Agency Overall,2021,14877,10683,9505,16055
National Aeronautics and Space Administration,Agency Overall,2021,84,759,775,68
Denali Commission,Agency Overall,2021,0,9,9,0
U.S. Election Assistance Commission,Agency Overall,2021,41,92,45,88
U.S. Railroad Retirement Board,Agency Overall,2021,1,70,70,1
Social Security Administration,Agency Overall,2021,1908,13440,14662,686
Central Intelligence Agency,Agency Overall,2021,2895,2837,2870,2862
United States Postal Service,Agency Overall,2021,396,4864,4905,355
National Labor Relations Board,Agency Overall,2021,47,1436,1411,72
Privacy and Civil Liberties Oversight Board,Agency Overall,2021,11,29,28,12
U.S. International Development Finance Corporation,Agency Overall,2021,53,81,61,73
Farm Credit Administration,Agency Overall,2021,0,55,55,0
Department of Veterans Affairs,Agency Overall,2021,5781,27762,30227,3316
Farm Credit System Insurance Corporation,Agency Overall,2021,0,5,5,0
United States International Trade Commission,Agency Overall,2021,2,37,25,14
National Capital Planning Commission,Agency Overall,2021,0,8,8,0
Office of Government Ethics,Agency Overall,2021,33,88,109,12
National Railroad Passenger Corporation,Agency Overall,2021,138,164,27,275
Appraisal Subcommittee,Agency Overall,2021,0,13,13,0
Department of Energy,Agency Overall,2021,708,1492,1408,792
Occupational Safety and Health Review Commission,Agency Overall,2021,6,143,148,1
Inter-American Foundation,Agency Overall,2021,0,8,7,1
Court Services and Offender Supervision Agency,Agency Overall,2021,0,99,99,0
Federal Housing Finance Agency,Agency Overall,2021,37,108,124,21
Office of Personnel Management,Agency Overall,2021,422,640,842,220
Postal Regulatory Commission,Agency Overall,2021,1,27,27,1
Department of Transportation,Agency Overall,2021,5572,15740,14754,6558
Presidio Trust,Agency Overall,2021,1,24,23,2
Environmental Protection Agency,Agency Overall,2021,2358,6485,6943,1900
National Mediation Board,Agency Overall,2021,0,20,19,1
American Battle Monuments Commission,Agency Overall,2021,0,19,19,0
National Transportation Safety Board,Agency Overall,2021,296,453,584,165
Federal Deposit Insurance Corporation,Agency Overall,2021,34,312,295,51
Federal Communications Commission,Agency Overall,2021,52,534,537,49
Small Business Administration,Agency Overall,2021,1595,18127,15238,4484
Department of Commerce,Agency Overall,2021,1169,2274,2195,1248
Office of National Drug Control Policy,Agency Overall,2021,26,44,46,24
Consumer Financial Protection Bureau,Agency Overall,2021,137,255,366,26
Peace Corps,Agency Overall,2021,87,112,132,67
Office of Navajo and Hopi Indian Relocation,Agency Overall,2021,0,17,17,0
National Science Foundation,Agency Overall,2021,368,293,257,404
Department of Agriculture,Agency Overall,2021,6857,20956,21815,5998
Department of Labor,Agency Overall,2021,2620,13560,14022,2158
Commodity Futures Trading Commission,Agency Overall,2021,9,157,144,22
United States Institute of Peace,Agency Overall,2021,4,7,8,3
Department of the Treasury,Agency Overall,2021,2872,10820,10755,2937
Chemical Safety and Hazard Investigation Board,Agency Overall,2021,31,179,134,76
Nuclear Regulatory Commission,Agency Overall,2021,92,239,229,102
Federal Maritime Commission,Agency Overall,2021,2,30,27,5
Neighborhood Reinvestment Corporation,Agency Overall,2021,0,3,3,0
Merit Systems Protection Board,Agency Overall,2021,55,172,171,56
National Archives and Records Administration,Agency Overall,2021,3511,7725,6867,4369
Securities and Exchange Commission,Agency Overall,2021,641,12363,12171,833
Federal Reserve System,Agency Overall,2021,53,637,654,36
Federal Election Commission,Agency Overall,2021,18,100,110,8
Office of Management and Budget,Agency Overall,2021,668,280,278,670
United States Trade and Development Agency,Agency Overall,2021,45,19,10,54
U.S. Nuclear Waste Technical Review Board,Agency Overall,2021,0,5,5,0
United States Access Board,Agency Overall,2021,1,8,8,1
Federal Trade Commission,Agency Overall,2021,38,1385,1375,48
National Indian Gaming Commission,Agency Overall,2021,4,30,30,4
Morris K. Udall and Stewart L. Udall Foundation,Agency Overall,2021,0,1,1,0
Department of Defense,Agency Overall,2021,22283,52805,50703,24385
Tennessee Valley Authority,Agency Overall,2021,36,213,215,34
Export-Import Bank of the U.S.,Agency Overall,2021,21,64,55,30
Department of Homeland Security,Agency Overall,2021,83594,442650,467347,58897
Defense Nuclear Facilities Safety Board,Agency Overall,2021,0,19,18,1
Department of Veterans Affairs,Agency Overall,2022,4108,22542,24343,2307
Central Intelligence Agency,Agency Overall,2022,2855,2408,2095,3168
Commission of Fine Arts,Agency Overall,2022,0,17,17,0
National Science Foundation,Agency Overall,2022,404,302,202,504
Department of Justice,Agency Overall,2022,59858,93370,82868,70360
Federal Maritime Commission,Agency Overall,2022,5,45,38,12
Advisory Council on Historic Preservation,Agency Overall,2022,6,36,37,5
General Services Administration,Agency Overall,2022,509,1168,1360,317
Occupational Safety and Health Review Commission,Agency Overall,2022,1,94,92,3
Federal Retirement Thrift Investment Board,Agency Overall,2022,5,45,47,3
Office of Science and Technology Policy,Agency Overall,2022,131,104,65,170
United States Trade and Development Agency,Agency Overall,2022,45,21,16,50
National Aeronautics and Space Administration,Agency Overall,2022,68,993,982,79
Court Services and Offender Supervision Agency,Agency Overall,2022,0,290,279,11
Federal Mediation and Conciliation Service,Agency Overall,2022,1,56,53,4
Marine Mammal Commission,Agency Overall,2022,6,9,10,5
Appraisal Subcommittee,Agency Overall,2022,0,16,16,0
U.S. Nuclear Waste Technical Review Board,Agency Overall,2022,0,8,8,0
Office of Management and Budget,Agency Overall,2022,670,263,323,610
Morris K. Udall and Stewart L. Udall Foundation,Agency Overall,2022,0,3,3,0
Chemical Safety and Hazard Investigation Board,Agency Overall,2022,74,337,294,117
Federal Housing Finance Agency,Agency Overall,2022,21,89,73,37
United States Postal Service,Agency Overall,2022,354,3894,3986,262
Department of the Interior,Agency Overall,2022,5184,6407,6182,5409
Tennessee Valley Authority,Agency Overall,2022,34,211,217,28
Harry S. Truman Scholarship Foundation,Agency Overall,2022,0,4,4,0
Millennium Challenge Corporation,Agency Overall,2022,2,21,23,0
Privacy and Civil Liberties Oversight Board,Agency Overall,2022,11,41,39,13
Presidio Trust,Agency Overall,2022,2,9,9,2
Export-Import Bank of the U.S.,Agency Overall,2022,30,84,90,24
Committee for Purchase from People Who Are Blind or Severely Disabled,Agency Overall,2022,30,2,2,30
U.S. Department of State,Agency Overall,2022,16284,13864,9167,20981
Farm Credit Administration,Agency Overall,2022,0,37,37,0
U.S. Commission on Civil Rights,Agency Overall,2022,0,60,60,0
Social Security Administration,Agency Overall,2022,686,11762,11811,637
National Indian Gaming Commission,Agency Overall,2022,4,48,49,3
United States African Development Foundation,Agency Overall,2022,0,1,0,1
National Credit Union Administration,Agency Overall,2022,9,112,115,6
AmeriCorps,Agency Overall,2022,10,44,48,6
U.S. Election Assistance Commission,Agency Overall,2022,88,195,72,211
Federal Deposit Insurance Corporation,Agency Overall,2022,45,494,502,37
Office of National Drug Control Policy,Agency Overall,2022,24,50,65,9
Office of Navajo and Hopi Indian Relocation,Agency Overall,2022,0,15,15,0
Council on Environmental Quality,Agency Overall,2022,42,127,124,45
Merit Systems Protection Board,Agency Overall,2022,56,138,130,64
Office of Special Counsel,Agency Overall,2022,13,138,140,11
Office of the Special Inspector General for Afghanistan Reconstruction,Agency Overall,2022,4,17,21,0
Peace Corps,Agency Overall,2022,67,200,156,111
Council of the Inspectors General on Integrity and Efficiency,Agency Overall,2022,40,77,83,34
Gulf Coast Ecosystem Restoration Council,Agency Overall,2022,0,5,5,0
Federal Trade Commission,Agency Overall,2022,48,1619,1579,88
Department of Labor,Agency Overall,2022,2158,14491,14335,2314
Federal Communications Commission,Agency Overall,2022,50,523,508,65
James Madison Memorial Fellowship Foundation,Agency Overall,2022,0,4,4,0
Nuclear Regulatory Commission,Agency Overall,2022,103,207,219,91
U.S. Interagency Council on Homelessness,Agency Overall,2022,0,10,10,0
United States International Trade Commission,Agency Overall,2022,8,68,60,16
Institute of Museum and Library Services,Agency Overall,2022,1,30,31,0
National Labor Relations Board,Agency Overall,2022,72,1963,1940,95
Denali Commission,Agency Overall,2022,0,7,7,0
Federal Reserve System,Agency Overall,2022,38,666,658,46
Inter-American Foundation,Agency Overall,2022,1,8,9,0
Neighborhood Reinvestment Corporation,Agency Overall,2022,0,9,7,2
National Transportation Safety Board,Agency Overall,2022,165,518,500,183
Federal Financial Institutions Examination Council,Agency Overall,2022,1,12,10,3
National Archives and Records Administration,Agency Overall,2022,9971,14975,14977,9969
Selective Service System,Agency Overall,2022,0,48,48,0
United States Copyright Office,Agency Overall,2022,7,54,57,4
Department of Transportation,Agency Overall,2022,6537,19090,18958,6669
Office of the Director of National Intelligence,Agency Overall,2022,500,499,429,570
Social Security Advisory Board,Agency Overall,2022,0,10,10,0
National Capital Planning Commission,Agency Overall,2022,0,6,6,0
Pension Benefit Guaranty Corporation,Agency Overall,2022,223,3727,3877,73
Department of Agriculture,Agency Overall,2022,2503,17069,17166,2406
Farm Credit System Insurance Corporation,Agency Overall,2022,0,18,18,0
Department of Housing and Urban Development,Agency Overall,2022,1014,1819,2031,802
Department of Energy,Agency Overall,2022,793,1722,1511,1004
Department of Health and Human Services,Agency Overall,2022,12009,38462,37241,13230
Office of Personnel Management,Agency Overall,2022,208,456,508,156
Defense Nuclear Facilities Safety Board,Agency Overall,2022,1,26,25,2
National Council on Disability,Agency Overall,2022,0,16,16,0
Small Business Administration,Agency Overall,2022,4484,7844,10828,1500
Armed Forces Retirement Home,Agency Overall,2022,0,8,7,1
Office of the United States Trade Representative,Agency Overall,2022,9,67,73,3
Consumer Product Safety Commission,Agency Overall,2022,576,459,521,514
Department of Defense,Agency Overall,2022,23461,54004,52222,25243
Federal Election Commission,Agency Overall,2022,8,114,118,4
Equal Employment Opportunity Commission,Agency Overall,2022,1275,14040,13263,2052
Federal Open Market Committee,Agency Overall,2022,0,31,31,0
Environmental Protection Agency,Agency Overall,2022,1939,6636,6630,1945
U.S. Railroad Retirement Board,Agency Overall,2022,3,63,64,2
Administrative Conference of the United States,Agency Overall,2022,0,27,27,0
Commodity Futures Trading Commission,Agency Overall,2022,23,185,202,6
U.S. Commission for the Preservation of America’s Heritage Abroad,Agency Overall,2022,2,0,2,0
Postal Regulatory Commission,Agency Overall,2022,1,45,46,0
United States Access Board,Agency Overall,2022,1,10,11,0
Department of Education,Agency Overall,2022,819,2372,1462,1729
Federal Permitting Improvement Steering Council,Agency Overall,2022,0,4,3,1
National Mediation Board,Agency Overall,2022,0,20,19,1
U.S. International Development Finance Corporation,Agency Overall,2022,73,40,44,69
United States Institute of Peace,Agency Overall,2022,3,4,5,2
Securities and Exchange Commission,Agency Overall,2022,833,10000,9856,977
American Battle Monuments Commission,Agency Overall,2022,0,29,29,0
United States International Boundary and Water Commission,Agency Overall,2022,38,30,31,37
National Endowment for the Humanities,Agency Overall,2022,5,48,50,3
Federal Energy Regulatory Commission,Agency Overall,2022,55,103,84,74
Legal Services Corporation,Agency Overall,2022,4,27,29,2
Consumer Financial Protection Bureau,Agency Overall,2022,24,437,380,81
Department of Commerce,Agency Overall,2022,1134,1768,1774,1128
U.S. Agency for International Development,Agency Overall,2022,431,326,330,427
Surface Transportation Board,Agency Overall,2022,5,90,89,6
Department of the Treasury,Agency Overall,2022,2879,10594,10431,3042
National Endowment for the Arts,Agency Overall,2022,1,40,41,0
Department of Homeland Security,Agency Overall,2022,68062,539807,506036,101833
Office of the Intellectual Property Enforcement Coordinator,Agency Overall,2022,0,0,0,0
Office of Government Ethics,Agency Overall,2022,12,120,125,7
Federal Mine Safety and Health Review Commission,Agency Overall,2022,2,52,52,2
National Railroad Passenger Corporation,Agency Overall,2022,276,246,164,358
Federal Labor Relations Authority,Agency Overall,2022,4,166,136,34
Federal Reserve System,Agency Overall,2023,52,772,739,85
Federal Mediation and Conciliation Service,Agency Overall,2023,4,46,49,1
Commodity Futures Trading Commission,Agency Overall,2023,6,290,291,5
Consumer Product Safety Commission,Agency Overall,2023,517,601,844,274
Administrative Conference of the United States,Agency Overall,2023,0,43,43,0
Farm Credit Administration,Agency Overall,2023,0,58,48,10
Nuclear Regulatory Commission,Agency Overall,2023,91,236,207,120
National Transportation Safety Board,Agency Overall,2023,183,558,601,140
Department of Veterans Affairs,Agency Overall,2023,2427,79590,72403,9614
Department of Homeland Security,Agency Overall,2023,104434,674856,580205,199085
Office of Management and Budget,Agency Overall,2023,610,315,362,563
Social Security Administration,Agency Overall,2023,637,10130,10305,462
U.S. Election Assistance Commission,Agency Overall,2023,211,50,91,170
Office of Personnel Management,Agency Overall,2023,153,581,586,148
National Indian Gaming Commission,Agency Overall,2023,3,55,45,13
Office of the Special Inspector General for Afghanistan Reconstruction,Agency Overall,2023,0,46,26,20
Peace Corps,Agency Overall,2023,110,265,301,74
Court Services and Offender Supervision Agency,Agency Overall,2023,11,354,342,23
Office of National Drug Control Policy,Agency Overall,2023,9,40,36,13
Department of Energy,Agency Overall,2023,1011,2156,1790,1377
National Endowment for the Humanities,Agency Overall,2023,3,38,30,11
National Railroad Passenger Corporation,Agency Overall,2023,361,364,550,175
Occupational Safety and Health Review Commission,Agency Overall,2023,3,150,137,16
Committee for Purchase from People Who Are Blind or Severely Disabled,Agency Overall,2023,3,51,46,8
Institute of Museum and Library Services,Agency Overall,2023,0,41,41,0
National Science Foundation,Agency Overall,2023,503,339,158,684
Department of Commerce,Agency Overall,2023,1133,2241,2093,1281
Department of Defense,Agency Overall,2023,25357,60109,55731,29735
Morris K. Udall and Stewart L. Udall Foundation,Agency Overall,2023,0,20,19,1
Department of the Interior,Agency Overall,2023,5261,7085,7388,4958
National Archives and Records Administration,Agency Overall,2023,9969,62505,66064,6410
Department of Labor,Agency Overall,2023,2325,14282,14219,2388
U.S. Interagency Council on Homelessness,Agency Overall,2023,0,7,1,6
Office of Navajo and Hopi Indian Relocation,Agency Overall,2023,0,28,27,1
Office of Science and Technology Policy,Agency Overall,2023,157,64,45,176
Advisory Council on Historic Preservation,Agency Overall,2023,12,27,12,27
U.S. International Development Finance Corporation,Agency Overall,2023,69,50,30,89
Office of Special Counsel,Agency Overall,2023,11,118,103,26
Federal Open Market Committee,Agency Overall,2023,0,29,20,9
Department of Agriculture,Agency Overall,2023,2387,16605,16242,2750
Environmental Protection Agency,Agency Overall,2023,1956,6588,6777,1767
Millennium Challenge Corporation,Agency Overall,2023,0,54,46,8
Appraisal Subcommittee,Agency Overall,2023,0,34,29,5
Federal Maritime Commission,Agency Overall,2023,12,42,39,15
Farm Credit System Insurance Corporation,Agency Overall,2023,0,30,24,6
General Services Administration,Agency Overall,2023,327,1723,1510,540
Federal Financial Institutions Examination Council,Agency Overall,2023,3,25,18,10
Defense Nuclear Facilities Safety Board,Agency Overall,2023,2,48,37,13
Neighborhood Reinvestment Corporation,Agency Overall,2023,2,29,16,15
Inter-American Foundation,Agency Overall,2023,0,23,19,4
Export-Import Bank of the U.S.,Agency Overall,2023,24,108,94,38
Office of the United States Trade Representative,Agency Overall,2023,3,66,62,7
Central Intelligence Agency,Agency Overall,2023,3162,2426,1567,4021
U.S. Department of State,Agency Overall,2023,20982,15713,12576,24119
Federal Election Commission,Agency Overall,2023,3,92,88,7
United States Trade and Development Agency,Agency Overall,2023,55,39,80,14
Merit Systems Protection Board,Agency Overall,2023,64,221,167,118
U.S. Nuclear Waste Technical Review Board,Agency Overall,2023,0,13,6,7
Federal Retirement Thrift Investment Board,Agency Overall,2023,3,99,76,26
Legal Services Corporation,Agency Overall,2023,2,29,22,9
AmeriCorps,Agency Overall,2023,6,58,49,15
United States Postal Service,Agency Overall,2023,266,4168,4104,330
Chemical Safety and Hazard Investigation Board,Agency Overall,2023,112,197,61,248
Privacy and Civil Liberties Oversight Board,Agency Overall,2023,13,50,39,24
National Credit Union Administration,Agency Overall,2023,6,159,153,12
National Council on Disability,Agency Overall,2023,0,8,5,3
Council on Environmental Quality,Agency Overall,2023,45,122,132,35
Federal Permitting Improvement Steering Council,Agency Overall,2023,1,12,13,0
Surface Transportation Board,Agency Overall,2023,6,116,109,13
Social Security Advisory Board,Agency Overall,2023,0,21,19,2
Selective Service System,Agency Overall,2023,0,49,49,0
American Battle Monuments Commission,Agency Overall,2023,0,27,27,0
U.S. Commission for the Preservation of America’s Heritage Abroad,Agency Overall,2023,0,26,18,8
United States Institute of Peace,Agency Overall,2023,2,18,3,17
United States International Boundary and Water Commission,Agency Overall,2023,31,51,26,56
United States Copyright Office,Agency Overall,2023,7,47,40,14
U.S. Railroad Retirement Board,Agency Overall,2023,2,80,74,8
National Labor Relations Board,Agency Overall,2023,95,2198,2236,57
National Capital Planning Commission,Agency Overall,2023,0,26,26,0
U.S. Commission on Civil Rights,Agency Overall,2023,0,58,50,8
Federal Deposit Insurance Corporation,Agency Overall,2023,37,826,685,178
United States International Trade Commission,Agency Overall,2023,16,32,27,21
Equal Employment Opportunity Commission,Agency Overall,2023,508,15929,14703,1734
Department of Transportation,Agency Overall,2023,6657,17136,16458,7335
Department of Justice,Agency Overall,2023,83369,110934,144065,50238
National Aeronautics and Space Administration,Agency Overall,2023,79,1005,1003,81
United States African Development Foundation,Agency Overall,2023,0,0,0,0
Denali Commission,Agency Overall,2023,0,18,18,0
Pension Benefit Guaranty Corporation,Agency Overall,2023,73,2682,2643,112
Postal Regulatory Commission,Agency Overall,2023,0,91,80,11
National Mediation Board,Agency Overall,2023,1,31,29,3
U.S. Agency for International Development,Agency Overall,2023,428,338,334,432
Department of Health and Human Services,Agency Overall,2023,13461,46530,47038,12953
Harry S. Truman Scholarship Foundation,Agency Overall,2023,0,27,27,0
Gulf Coast Ecosystem Restoration Council,Agency Overall,2023,0,12,12,0
Federal Mine Safety and Health Review Commission,Agency Overall,2023,2,63,54,11
Department of Education,Agency Overall,2023,1730,2816,2385,2161
Council of the Inspectors General on Integrity and Efficiency,Agency Overall,2023,34,130,108,56
Department of Housing and Urban Development,Agency Overall,2023,802,1909,1932,779
Tennessee Valley Authority,Agency Overall,2023,28,206,177,57
Department of the Treasury,Agency Overall,2023,3036,10782,10550,3268
Marine Mammal Commission,Agency Overall,2023,5,56,34,27
Securities and Exchange Commission,Agency Overall,2023,977,9481,9022,1436
Federal Trade Commission,Agency Overall,2023,88,1820,1812,96
Consumer Financial Protection Bureau,Agency Overall,2023,81,510,537,54
James Madison Memorial Fellowship Foundation,Agency Overall,2023,0,18,4,14
Office of the National Cyber Director,Agency Overall,2023,0,6,6,0
Armed Forces Retirement Home,Agency Overall,2023,1,12,12,1
United States Access Board,Agency Overall,2023,0,20,19,1
National Endowment for the Arts,Agency Overall,2023,0,62,50,12
Commission of Fine Arts,Agency Overall,2023,0,25,25,0
Office of the Director of National Intelligence,Agency Overall,2023,570,386,269,687
Federal Communications Commission,Agency Overall,2023,65,586,535,116
Federal Energy Regulatory Commission,Agency Overall,2023,74,138,94,118
Federal Labor Relations Authority,Agency Overall,2023,31,222,158,95
Office of the Intellectual Property Enforcement Coordinator,Agency Overall,2023,0,26,26,0
Small Business Administration,Agency Overall,2023,956,4381,4133,1204
U.S. Agency for Global Media,Agency Overall,2023,85,120,178,27
Presidio Trust,Agency Overall,2023,0,16,16,0
Federal Housing Finance Agency,Agency Overall,2023,36,117,84,69
Office of Government Ethics,Agency Overall,2023,7,112,113,6
AmeriCorps,Agency Overall,2024,15,98,75,38
Department of Justice,Agency Overall,2024,51572,132527,157180,26919
American Battle Monuments Commission,Agency Overall,2024,0,38,38,0
Federal Energy Regulatory Commission,Agency Overall,2024,107,130,157,80
Office of Special Counsel,Agency Overall,2024,26,243,170,99
Commission of Fine Arts,Agency Overall,2024,8,91,91,8
United States Copyright Office,Agency Overall,2024,7,79,72,14
Office of Science and Technology Policy,Agency Overall,2024,176,212,178,210
Federal Open Market Committee,Agency Overall,2024,9,90,64,35
U.S. Commission for the Preservation of America’s Heritage Abroad,Agency Overall,2024,8,96,20,84
U.S. Commission on Civil Rights,Agency Overall,2024,8,140,84,64
Council of the Inspectors General on Integrity and Efficiency,Agency Overall,2024,56,207,100,163
Office of the National Cyber Director,Agency Overall,2024,0,378,155,223
Department of Health and Human Services,Agency Overall,2024,13249,51800,49271,15778
Morris K. Udall and Stewart L. Udall Foundation,Agency Overall,2024,1,73,56,18
Surface Transportation Board,Agency Overall,2024,13,89,99,3
Department of Energy,Agency Overall,2024,1380,4283,3250,2413
Consumer Financial Protection Bureau,Agency Overall,2024,65,964,834,195
Federal Labor Relations Authority,Agency Overall,2024,46,158,204,0
U.S. Election Assistance Commission,Agency Overall,2024,189,98,42,245
Federal Communications Commission,Agency Overall,2024,111,977,984,104
Federal Deposit Insurance Corporation,Agency Overall,2024,178,1028,873,333
Office of Navajo and Hopi Indian Relocation,Agency Overall,2024,1,73,74,0
National Credit Union Administration,Agency Overall,2024,12,409,384,37
National Science Foundation,Agency Overall,2024,803,424,374,853
Millennium Challenge Corporation,Agency Overall,2024,9,81,58,32
Office of National Drug Control Policy,Agency Overall,2024,56,92,49,99
U.S. Interagency Council on Homelessness,Agency Overall,2024,6,37,17,26
Office of Pandemic Preparedness and Response Policy,Agency Overall,2024,0,0,0,0
United States Trade and Development Agency,Agency Overall,2024,13,85,83,15
Selective Service System,Agency Overall,2024,0,73,73,0
Court Services and Offender Supervision Agency,Agency Overall,2024,23,588,596,15
Nuclear Regulatory Commission,Agency Overall,2024,122,664,461,325
Federal Reserve System,Agency Overall,2024,86,1098,1072,112
National Labor Relations Board,Agency Overall,2024,57,2837,2588,306
U.S. Agency for International Development,Agency Overall,2024,432,984,688,728
Department of Transportation,Agency Overall,2024,7576,18345,16080,9841
Social Security Advisory Board,Agency Overall,2024,1,44,44,1
Institute of Museum and Library Services,Agency Overall,2024,0,176,176,0
Federal Maritime Commission,Agency Overall,2024,15,103,75,43
Harry S. Truman Scholarship Foundation,Agency Overall,2024,0,54,23,31
Neighborhood Reinvestment Corporation,Agency Overall,2024,15,47,48,14
Department of Defense,Agency Overall,2024,29656,61858,57662,33852
Federal Mediation and Conciliation Service,Agency Overall,2024,1,100,94,7
Advisory Council on Historic Preservation,Agency Overall,2024,27,153,33,147
Federal Financial Institutions Examination Council,Agency Overall,2024,10,45,48,7
Securities and Exchange Commission,Agency Overall,2024,1436,10811,10985,1262
Office of the Intellectual Property Enforcement Coordinator,Agency Overall,2024,0,43,43,0
Equal Employment Opportunity Commission,Agency Overall,2024,959,18083,18334,708
Administrative Conference of the United States,Agency Overall,2024,0,145,145,0
Appraisal Subcommittee,Agency Overall,2024,5,45,44,6
Office of the Director of National Intelligence,Agency Overall,2024,687,504,390,801
Federal Trade Commission,Agency Overall,2024,94,1938,1919,113
Department of Commerce,Agency Overall,2024,1247,4048,3410,1885
Department of Housing and Urban Development,Agency Overall,2024,790,3324,3102,1012
Gulf Coast Ecosystem Restoration Council,Agency Overall,2024,0,11,11,0
Pension Benefit Guaranty Corporation,Agency Overall,2024,112,2733,2773,72
United States Access Board,Agency Overall,2024,1,42,41,2
Department of the Treasury,Agency Overall,2024,3224,13303,12687,3840
Department of Homeland Security,Agency Overall,2024,203533,911535,894939,220129
Committee for Purchase from People Who Are Blind or Severely Disabled,Agency Overall,2024,3,65,47,21
United States International Trade Commission,Agency Overall,2024,22,271,173,120
Environmental Protection Agency,Agency Overall,2024,1794,7551,7134,2211
Marine Mammal Commission,Agency Overall,2024,27,57,70,14
Department of Labor,Agency Overall,2024,2367,15833,14856,3344
U.S. Nuclear Waste Technical Review Board,Agency Overall,2024,7,42,1,48
United States Postal Service,Agency Overall,2024,334,4429,4203,560
Occupational Safety and Health Review Commission,Agency Overall,2024,16,242,235,23
Tennessee Valley Authority,Agency Overall,2024,57,262,264,55
Farm Credit Administration,Agency Overall,2024,7,75,75,7
National Railroad Passenger Corporation,Agency Overall,2024,182,738,910,10
Office of Personnel Management,Agency Overall,2024,140,968,783,325
National Endowment for the Humanities,Agency Overall,2024,11,65,62,14
Legal Services Corporation,Agency Overall,2024,5,68,56,17
Inter-American Foundation,Agency Overall,2024,4,53,48,9
Federal Election Commission,Agency Overall,2024,7,351,318,40
Denali Commission,Agency Overall,2024,0,34,34,0
James Madison Memorial Fellowship Foundation,Agency Overall,2024,12,57,15,54
Consumer Product Safety Commission,Agency Overall,2024,276,783,701,358
Presidio Trust,Agency Overall,2024,0,47,46,1
Postal Regulatory Commission,Agency Overall,2024,11,219,216,14
U.S. Department of State,Agency Overall,2024,23920,22306,20775,25451
Federal Housing Finance Agency,Agency Overall,2024,69,217,160,126
Small Business Administration,Agency Overall,2024,1204,6813,7092,925
Federal Mine Safety and Health Review Commission,Agency Overall,2024,11,106,98,19
Office of Government Ethics,Agency Overall,2024,6,165,133,38
Office of the Special Inspector General for Afghanistan Reconstruction,Agency Overall,2024,20,49,51,18
National Transportation Safety Board,Agency Overall,2024,139,703,561,281
Department of Veterans Affairs,Agency Overall,2024,16412,105725,119453,2684
United States Institute of Peace,Agency Overall,2024,17,71,21,67
National Mediation Board,Agency Overall,2024,3,66,68,1
Chemical Safety and Hazard Investigation Board,Agency Overall,2024,262,138,261,139
National Archives and Records Administration,Agency Overall,2024,6410,22590,23893,5107
Department of Education,Agency Overall,2024,2162,4560,3119,3603
National Endowment for the Arts,Agency Overall,2024,12,180,155,37
National Council on Disability,Agency Overall,2024,3,64,23,44
National Aeronautics and Space Administration,Agency Overall,2024,81,1560,1459,182
Export-Import Bank of the U.S.,Agency Overall,2024,38,165,159,44
Privacy and Civil Liberties Oversight Board,Agency Overall,2024,28,130,69,89
Defense Nuclear Facilities Safety Board,Agency Overall,2024,15,110,52,73
Farm Credit System Insurance Corporation,Agency Overall,2024,6,51,53,4
United States International Boundary and Water Commission,Agency Overall,2024,56,79,25,110
Office of Management and Budget,Agency Overall,2024,563,994,493,1064
National Capital Planning Commission,Agency Overall,2024,0,41,41,0
Central Intelligence Agency,Agency Overall,2024,4010,4087,2603,5494
Merit Systems Protection Board,Agency Overall,2024,113,219,184,148
Council on Environmental Quality,Agency Overall,2024,34,420,348,106
Commodity Futures Trading Commission,Agency Overall,2024,5,443,430,18
National Indian Gaming Commission,Agency Overall,2024,13,74,83,4
United States African Development Foundation,Agency Overall,2024,14,40,7,47
Office of the United States Trade Representative,Agency Overall,2024,15,136,112,39
Social Security Administration,Agency Overall,2024,461,12582,11354,1689
Armed Forces Retirement Home,Agency Overall,2024,1,35,36,0
General Services Administration,Agency Overall,2024,565,1661,1632,594
Department of the Interior,Agency Overall,2024,5194,8305,8426,5073
Peace Corps,Agency Overall,2024,74,320,331,63
Department of Agriculture,Agency Overall,2024,2777,24722,21113,6386
U.S. Agency for Global Media,Agency Overall,2024,28,173,191,10
Federal Permitting Improvement Steering Council,Agency Overall,2024,1,60,52,9
U.S. Railroad Retirement Board,Agency Overall,2024,9,124,121,12
Federal Retirement Thrift Investment Board,Agency Overall,2024,26,123,116,33
U.S. International Development Finance Corporation,Agency Overall,2024,89,81,45,125
